{
  "52.39686,4.94893->52.37910,4.90030:foot": {
    "meters": 4701,
    "minutes": 63
  },
  "52.39686,4.94893->52.37910,4.90030:bike": {
    "meters": 5446,
    "minutes": 33
  },
  "52.37421,4.80008->52.37910,4.90030:foot": {
    "meters": 7743,
    "minutes": 104
  },
  "52.37421,4.80008->52.37910,4.90030:bike": {
    "meters": 8354,
    "minutes": 43
  },
  "52.37157,4.89791->52.37910,4.90030:foot": {
    "meters": 1170,
    "minutes": 16
  },
  "52.37157,4.89791->52.37910,4.90030:bike": {
    "meters": 1427,
    "minutes": 12
  },
  "52.35947,4.83561->52.37910,4.90030:foot": {
    "meters": 5774,
    "minutes": 77
  },
  "52.35947,4.83561->52.37910,4.90030:bike": {
    "meters": 6605,
    "minutes": 34
  },
  "52.39418,4.99411->52.37910,4.90030:foot": {
    "meters": 8163,
    "minutes": 109
  },
  "52.39418,4.99411->52.37910,4.90030:bike": {
    "meters": 9583,
    "minutes": 46
  },
  "52.36210,4.79271->52.37910,4.90030:foot": {
    "meters": 8902,
    "minutes": 119
  },
  "52.36210,4.79271->52.37910,4.90030:bike": {
    "meters": 9459,
    "minutes": 48
  },
  "52.37008,4.91431->52.37910,4.90030:foot": {
    "meters": 1616,
    "minutes": 22
  },
  "52.37008,4.91431->52.37910,4.90030:bike": {
    "meters": 1726,
    "minutes": 15
  },
  "52.39054,4.93578->52.37910,4.90030:foot": {
    "meters": 3307,
    "minutes": 44
  },
  "52.39054,4.93578->52.37910,4.90030:bike": {
    "meters": 3795,
    "minutes": 27
  },
  "52.31539,4.85136->52.37910,4.90030:foot": {
    "meters": 9350,
    "minutes": 125
  },
  "52.31539,4.85136->52.37910,4.90030:bike": {
    "meters": 10154,
    "minutes": 50
  },
  "52.39038,4.93770->52.37910,4.90030:foot": {
    "meters": 3438,
    "minutes": 46
  },
  "52.39038,4.93770->52.37910,4.90030:bike": {
    "meters": 3925,
    "minutes": 28
  },
  "52.37969,4.82015->52.37910,4.90030:foot": {
    "meters": 6393,
    "minutes": 85
  },
  "52.37969,4.82015->52.37910,4.90030:bike": {
    "meters": 7098,
    "minutes": 38
  },
  "52.38086,4.79234->52.37910,4.90030:foot": {
    "meters": 8364,
    "minutes": 112
  },
  "52.38086,4.79234->52.37910,4.90030:bike": {
    "meters": 9187,
    "minutes": 46
  },
  "52.40770,4.91757->52.37910,4.90030:foot": {
    "meters": 3923,
    "minutes": 53
  },
  "52.40770,4.91757->52.37910,4.90030:bike": {
    "meters": 4935,
    "minutes": 32
  },
  "52.39973,4.95421->52.37910,4.90030:foot": {
    "meters": 5255,
    "minutes": 70
  },
  "52.39973,4.95421->52.37910,4.90030:bike": {
    "meters": 5938,
    "minutes": 36
  },
  "52.41361,5.02643->52.37910,4.90030:foot": {
    "meters": 11688,
    "minutes": 156
  },
  "52.41361,5.02643->52.37910,4.90030:bike": {
    "meters": 13160,
    "minutes": 61
  },
  "52.30732,4.93957->52.37910,4.90030:foot": {
    "meters": 9314,
    "minutes": 125
  },
  "52.30732,4.93957->52.37910,4.90030:bike": {
    "meters": 9574,
    "minutes": 51
  },
  "52.41669,4.89903->52.37910,4.90030:foot": {
    "meters": 5013,
    "minutes": 49
  },
  "52.41669,4.89903->52.37910,4.90030:bike": {
    "meters": 6408,
    "minutes": 38
  },
  "52.36103,4.82415->52.37910,4.90030:foot": {
    "meters": 6420,
    "minutes": 86
  },
  "52.36103,4.82415->52.37910,4.90030:bike": {
    "meters": 6890,
    "minutes": 37
  },
  "52.43499,4.83486->52.43890,4.81360:foot": {
    "meters": 1986,
    "minutes": 26
  },
  "52.43499,4.83486->52.43890,4.81360:bike": {
    "meters": 2052,
    "minutes": 13
  },
  "52.35620,4.91631->52.37910,4.90030:foot": {
    "meters": 3427,
    "minutes": 46
  },
  "52.35620,4.91631->52.37910,4.90030:bike": {
    "meters": 3540,
    "minutes": 22
  },
  "52.36369,4.83021->52.37910,4.90030:foot": {
    "meters": 5823,
    "minutes": 78
  },
  "52.36369,4.83021->52.37910,4.90030:bike": {
    "meters": 6632,
    "minutes": 34
  },
  "52.37461,4.96513->52.37910,4.90030:foot": {
    "meters": 5020,
    "minutes": 69
  },
  "52.37461,4.96513->52.37910,4.90030:bike": {
    "meters": 6366,
    "minutes": 34
  },
  "52.39694,4.93840->52.37910,4.90030:foot": {
    "meters": 4184,
    "minutes": 57
  },
  "52.39694,4.93840->52.37910,4.90030:bike": {
    "meters": 4845,
    "minutes": 31
  },
  "52.36055,4.79472->52.37910,4.90030:foot": {
    "meters": 9080,
    "minutes": 122
  },
  "52.36055,4.79472->52.37910,4.90030:bike": {
    "meters": 9722,
    "minutes": 48
  },
  "52.41025,4.92462->52.37910,4.90030:foot": {
    "meters": 4561,
    "minutes": 62
  },
  "52.41025,4.92462->52.37910,4.90030:bike": {
    "meters": 5363,
    "minutes": 34
  },
  "52.37368,4.85721->52.37910,4.90030:foot": {
    "meters": 3550,
    "minutes": 48
  },
  "52.37368,4.85721->52.37910,4.90030:bike": {
    "meters": 4205,
    "minutes": 26
  },
  "52.35543,4.80533->52.37910,4.90030:foot": {
    "meters": 8023,
    "minutes": 107
  },
  "52.35543,4.80533->52.37910,4.90030:bike": {
    "meters": 8616,
    "minutes": 44
  },
  "52.35413,5.00207->52.37910,4.90030:foot": {
    "meters": 8494,
    "minutes": 116
  },
  "52.35413,5.00207->52.37910,4.90030:bike": {
    "meters": 9427,
    "minutes": 46
  },
  "52.36769,4.90704->52.37910,4.90030:foot": {
    "meters": 1817,
    "minutes": 24
  },
  "52.36769,4.90704->52.37910,4.90030:bike": {
    "meters": 1891,
    "minutes": 14
  },
  "52.35178,5.01482->52.37910,4.90030:foot": {
    "meters": 9794,
    "minutes": 133
  },
  "52.35178,5.01482->52.37910,4.90030:bike": {
    "meters": 10706,
    "minutes": 51
  },
  "52.34674,4.78444->52.37910,4.90030:foot": {
    "meters": 10116,
    "minutes": 135
  },
  "52.34674,4.78444->52.37910,4.90030:bike": {
    "meters": 10481,
    "minutes": 51
  },
  "52.41061,4.89392->52.37910,4.90030:foot": {
    "meters": 4004,
    "minutes": 35
  },
  "52.41061,4.89392->52.37910,4.90030:bike": {
    "meters": 5184,
    "minutes": 34
  },
  "52.37899,4.82983->52.37910,4.90030:foot": {
    "meters": 5948,
    "minutes": 79
  },
  "52.37899,4.82983->52.37910,4.90030:bike": {
    "meters": 6650,
    "minutes": 36
  },
  "52.40300,4.94557->52.37910,4.90030:foot": {
    "meters": 5020,
    "minutes": 68
  },
  "52.40300,4.94557->52.37910,4.90030:bike": {
    "meters": 5571,
    "minutes": 34
  },
  "52.35042,4.92501->52.37910,4.90030:foot": {
    "meters": 4498,
    "minutes": 60
  },
  "52.35042,4.92501->52.37910,4.90030:bike": {
    "meters": 4619,
    "minutes": 26
  },
  "52.32544,4.97441->52.37910,4.90030:foot": {
    "meters": 9180,
    "minutes": 123
  },
  "52.32544,4.97441->52.37910,4.90030:bike": {
    "meters": 9666,
    "minutes": 50
  },
  "52.35979,4.79159->52.37910,4.90030:foot": {
    "meters": 9270,
    "minutes": 124
  },
  "52.35979,4.79159->52.37910,4.90030:bike": {
    "meters": 9723,
    "minutes": 49
  },
  "52.40628,4.91655->52.37910,4.90030:foot": {
    "meters": 3800,
    "minutes": 52
  },
  "52.40628,4.91655->52.37910,4.90030:bike": {
    "meters": 4812,
    "minutes": 32
  },
  "52.35441,4.83149->52.37910,4.90030:foot": {
    "meters": 6677,
    "minutes": 89
  },
  "52.35441,4.83149->52.37910,4.90030:bike": {
    "meters": 7115,
    "minutes": 38
  },
  "52.39658,4.93912->52.37910,4.90030:foot": {
    "meters": 4117,
    "minutes": 56
  },
  "52.39658,4.93912->52.37910,4.90030:bike": {
    "meters": 4671,
    "minutes": 31
  },
  "52.34273,4.90131->52.37910,4.90030:foot": {
    "meters": 5004,
    "minutes": 67
  },
  "52.34273,4.90131->52.37910,4.90030:bike": {
    "meters": 5052,
    "minutes": 29
  },
  "52.36618,4.90211->52.37910,4.90030:foot": {
    "meters": 1877,
    "minutes": 25
  },
  "52.36618,4.90211->52.37910,4.90030:bike": {
    "meters": 2021,
    "minutes": 15
  },
  "52.35528,4.99759->52.37910,4.90030:foot": {
    "meters": 8100,
    "minutes": 110
  },
  "52.35528,4.99759->52.37910,4.90030:bike": {
    "meters": 9009,
    "minutes": 44
  },
  "52.39972,4.93193->52.37910,4.90030:foot": {
    "meters": 3694,
    "minutes": 51
  },
  "52.39972,4.93193->52.37910,4.90030:bike": {
    "meters": 4232,
    "minutes": 28
  },